Name_EN,Name_CN,LAT,LNG,Address_EN,Address_CN,Province_EN,Province_CN,City_EN,City_CN,Area_EN,Area_CN,Telephone,BuiltYear,BuiltMonth
Arshan Irsch Airport,阿尔山伊尔施机场,47.318031,119.926031,"County Road 407, Ilshi Town, Arshan City, Xing'an Meng",兴安盟阿尔山市伊尔施镇407县道,Neimenggu,内蒙古自治区,Xing'an Meng,兴安盟,Arshan,阿尔山市,(0482)7186888,2011,8
Ali Kunsha Airport,阿里昆莎机场,32.105472,80.061848,"Kunsha Township, Gar County, Ali Region, Tibet",西藏阿里地区噶尔县昆莎乡,Xizang,西藏自治区,Ali,阿里地区,Gar,噶尔县,,2010,7
Altay Airport,阿勒泰机场,47.758152,88.092652,"National Highway 216 in Altay City, Altay Region",阿勒泰地区阿勒泰市216国道,Xinjiang,新疆维吾尔自治区,Altay,阿勒泰地区,Altai,阿勒泰市,(0906)2826116,1956,10
Alxa Right Banner Airport,阿拉善右旗机场,39.207246,101.563153,"Alxa League Alxa Right Banner Airport Road, Inner Mongolia Autonomous Region",内蒙古自治区阿拉善盟阿拉善右旗机场路,Neimenggu,内蒙古自治区,Alxa Meng,阿拉善盟,Alxa Right,阿拉善右旗,,2013,8
Ankang Airport,安康机场,32.71336,108.946275,Next to National Highway 316 in Wuli Town,五里镇316国道旁,Shaanxi,陕西省,Ankang,安康市,Hanbin,汉滨区,,,
Aksu Airport,阿克苏机场,41.269221,80.298422,"Airport Avenue, Aksu City, Aksu Region",阿克苏地区阿克苏市机场大道,Xinjiang,新疆维吾尔自治区,Aksu,阿克苏地区,Aksu,阿克苏市,,1973,0
Anshan Teng'ao Airport,鞍山腾鳌机场,41.112934,122.867024,"No. 421, Anteng Road, Ningyuan Town, Tiexi District, Anshan City",鞍山市铁西区宁远镇鞍腾路421号,Liaoning,辽宁省,Anshan,鞍山市,Tiexi,铁西区,(0412)6374999,1987,0
Anqing Tianzhushan Airport,安庆天柱山机场,30.585998,117.061269,"Airport Road, Yixiu District, Anqing City",安庆市宜秀区机场路,Anhui,安徽省,Anqing,安庆市,Yixiu,宜秀区,(0556)5861114,1993,10
Anshun Huangguoshu Airport,安顺黄果树机场,26.262808,105.883722,"Airport Road, Xixiu District, Anshun City",安顺市西秀区机场路,Guizhou,贵州省,Anshun,安顺市,Xixiu,西秀区,,2004,9
Alxa Left Banner Airport,阿拉善左旗机场,38.756221,105.599913,Alxa League Alxa Left Banner Airport Highway in Inner Mongolia Autonomous Region,内蒙古自治区阿拉善盟阿拉善左旗机场公路,Neimenggu,内蒙古自治区,Alxa Meng,阿拉善盟,Alxa Left,阿拉善左旗,,2013,8
Anyang Northern Suburbs Airport,安阳北郊机场,36.138494,114.353291,"No. 41, Shengli Road, Beiguan District, Anyang City, Henan Province (in Anyang Aviation Sports School)",河南省安阳市北关区胜利路41号(安阳航空运动学校内),Henan,河南省,Anyang,安阳市,Beiguan,北关区,(0372)2922675,,
Bijie Feixiong Airport,毕节飞雄机场,27.268074,105.489543,Dafang County 004 County Road,大方县004县道,Guizhou,贵州省,Bijie,毕节市,Dafang,大方县,,2013,6
Beihai Fucheng Airport,北海福成机场,21.542961,109.301882,"Next to Fucheng Town, Yinhai District, Beihai City",北海市银海区福成镇旁,Guangxi,广西壮族自治区,Beihai,北海市,Yinhai,银海区,(0779)8512770,1987,3
Bole Alashankou Airport,博乐阿拉山口机场,44.904522,82.309927,"Provincial Highway 205, Utu Prague Town, Bole City, Bortala Mongolian Autonomous Prefecture",博尔塔拉蒙古自治州博乐市乌图布拉格镇205省道,Xinjiang,新疆维吾尔自治区,Bortala Mongolia Autonomous Prefecture,博尔塔拉蒙古自治州,Bole,博乐市,(0909)6777777,2010,7
Baoshan Yunrui Airport,保山云瑞机场,25.054733,99.174803,"Hangrui Expressway, Longyang District, Baoshan City",保山市隆阳区杭瑞高速,Yunnan,云南省,Baoshan,保山市,Longyang,隆阳区,(0875)2232266,1958,4
Bazhong Enyang Airport,巴中恩阳机场,31.745002,106.658075,"Phoenix Temple in Xinglong Township, Enyang District, Bazhong City, Sichuan Province",四川省巴中市恩阳区兴隆乡凤凰庙,Sichuan,四川省,Bazhong,巴中市,Enyang,恩阳区,,2019,2
Burzin Kanas Airport,布尔津喀纳斯机场,48.229425,87.007136,74 kilometers northwest of Burqin County in Altay Region,阿勒泰地区布尔津县城西北74公里,Xinjiang,新疆维吾尔自治区,Altay,阿勒泰地区,Burzin,布尔津县,,2007,8
Beijing Miyun Mujiayu Airport,北京密云穆家峪机场,40.408494,116.894036,"Shuangsha Road, Mujiayu Town, Miyun District, Beijing",北京市密云区穆家峪镇双沙路,Beijing,北京市,Beijing,北京市,Miyun,密云区,(010)61069156,,
Beijing Nanyuan Airport,北京南苑机场,39.799178,116.406169,"No. 6, Jianbei East Road, Nanyuan Town, Fengtai District, Beijing",北京市丰台区南苑镇警备东路6号,Beijing,北京市,Beijing,北京市,Fengtai,丰台区,(010)87106883,1910,0
Changbaishan Airport,长白山机场,42.073601,127.620748,"Chixi District, Changbaishan Conservation and Development Zone, Songjianghe Town, Fusong County, Baishan City",白山市抚松县松江河镇长白山保护开发区池西区,Jilin,吉林省,Baishan,白山市,Fusong,抚松县,(0439)6259111,2008,8
Beijing Capital International Airport,北京首都国际机场,40.083812,116.609564,"Airport West Road, Chaoyang District, Beijing",北京市朝阳区机场西路,Beijing,北京市,Beijing,北京市,Chaoyang,朝阳区,(010)96158,1958,3
Beijing Daxing International Airport,北京大兴国际机场,39.511571,116.423796,"Daxing District, Beijing",北京市大兴区,Beijing,北京市,Beijing,北京市,Daxing,大兴区,(010)96158,2019,9
Baise Bama Airport,百色巴马机场,23.723292,106.971241,"National Highway 324, Tianyang District, Baise City",百色市田阳区324国道,Guangxi,广西壮族自治区,Baise,百色市,Tianyang,田阳区,(0776)3233666,2007,2
Bayannur Tianjitai Airport,巴彦淖尔天吉泰机场,40.93266,107.748038,"Airport Road, Tianjitai Town, Wuyuan County, Bayannur City",巴彦淖尔市五原县天吉泰镇机场路,Neimenggu,内蒙古自治区,Bayannur,巴彦淖尔市,Wuyuan,五原县,(0478)8206888,2011,12
Baotou Donghe Airport,包头东河机场,40.568414,110.010476,"Airport Road in Erliban Village, Donghe District, Baotou City, Inner Mongolia Autonomous Region",内蒙古自治区包头市东河区二里半村飞机场路,Neimenggu,内蒙古自治区,Baotai,包头市,Donghe,东河区,(0472)4616100,1934,0
Changde Taohuayuan Airport,常德桃花源机场,28.921516,111.651508,"Taohuayuan Road, Doumu Lake Town, Dingcheng District, Changde City",常德市鼎城区斗姆湖镇桃花源路,Hunan,湖南省,Changde,常德市,Dingcheng,鼎城区,,1958,0
Changchun Longjia International Airport,长春龙嘉国际机场,44.00154,125.697877,"Airport Road, Longjia Town, Jiutai District, Changchun City",长春市九台区龙嘉镇机场路,Jilin,吉林省,Changchun,长春市,Jiutai,九台区,,2005,8
Chaoyang Airport,朝阳机场,41.547256,120.44669,"No. 81, Section 4, Chaoyang Street, Shuangta District, Chaoyang City",朝阳市双塔区朝阳大街四段81号,Liaoning,辽宁省,Chaoyang,朝阳市,Shuangta,双塔区,(0421)2615965,1960,9
Chifeng Yulong Airport,赤峰玉龙机场,42.165307,118.85334,"Niuyingzi Town, Karaqin Banner, Chifeng City, Inner Mongolia Autonomous Region",内蒙古自治区赤峰市喀喇沁旗牛营子镇,Neimenggu,内蒙古自治区,Chifeng,赤峰市,Karaqin Banner,喀喇沁旗,(0476)8333956,2008,3
Changzhi Wangcun Airport,长治王村机场,36.253544,113.138288,Changzhi Wang Village Airport Road on the outskirts of Changzhi City,长治市郊区长治王村机场路,Shanxi,山西省,Changzhi,长治市,Suburbs,郊区,(0355)2176469,1958,0
Chongqing Jiangbei International Airport,重庆江北国际机场,29.723155,106.645226,"Airport Road, Lianglu Town, Yubei District, Chongqing",重庆市渝北区两路镇机场路,Chongqing,重庆市,Chongqing,重庆市,Yubei,渝北区,,1990,1
Changsha Huanghua International Airport,长沙黄花国际机场,28.194022,113.231578,Changsha Changsha County Huanghua Town Airport Avenue,长沙市长沙县黄花镇机场大道,Hunan,湖南省,Changsha,长沙市,Changsha,长沙县,,1989,8
Chengdu Shuangliu International Airport,成都双流国际机场,30.565774,103.958189,"Airport Road, Shuangliu District, Chengdu, Sichuan Province",四川省成都市双流区机场路,Sichuan,四川省,Chengdu,成都市,Shuangliu,双流区,(028)85205555,1956,12
Changzhou Benniu International Airport,常州奔牛国际机场,31.923641,119.787084,"Airport 3rd Road, Xinbei District, Changzhou City",常州市新北区空港三路,Jiangsu,江苏省,Changzhou,常州市,New Taipei,新北区,(0519)83256245,1986,3
Chizhou Jiuhuashan Airport,池州九华山机场,30.744188,117.697439,"Meilong Street, Guichi District, Chizhou City, Anhui Province (the junction of the two sub-district offices of Meilong and Maya, the southern part of Datongwei, West side of Xicha Lake)","安徽省池州市贵池区梅龙街道(梅龙与马衙两个街道办事处交界处大同圩南部,西岔湖的西面)",Anhui,安徽省,Chizhou,池州市,Guichi,贵池区,(0566)4879666,2013,7
Datong Yungang Airport,大同云冈机场,40.068665,113.493162,"Yunzhou District, Datong City, bejiazao town, north side of South Ring East Road",大同市云州区倍加造镇南环东路北侧,Shanxi,山西省,Datong,大同市,Yunzhou,云州区,(0352)5688114,2006,1
Dazhou Heshi Airport,达州河市机场,31.134488,107.440764,"No. 1 Changhang Street, Heshi Town, Dachuan District, Dazhou City",达州市达川区河市镇长航街1号,Sichuan,四川省,Dazhou,达州市,Dachuan,达川区,(0818)5950220,2006,1
Daocheng Aden Airport,稻城亚丁机场,29.318355,100.069855,"Provincial Highway 217, Daocheng County, Ganzi Tibetan Autonomous Prefecture, Sichuan Province",四川省甘孜藏族自治州稻城县217省道,Sichuan,四川省,Ganzi Tibetans Autonomous Prefecture,甘孜藏族自治州,Daocheng,稻城县,,2013,9
Dandong Langtou Airport,丹东浪头机场,40.032239,124.296866,"East side of National Highway 201 in Langtou Town, Zhenxing District, Dandong City",丹东市振兴区浪头镇201国道东侧,Liaoning,辽宁省,Dandong,丹东市,Zhenxing,振兴区,(0415)6176500,1985,4
Diqing Shangri-La Airport,迪庆香格里拉机场,27.797744,99.689786,"Condor Road, Shangri-La City, Diqing Tibetan Autonomous Prefecture",迪庆藏族自治州香格里拉市神鹰路,Yunnan,云南省,Diqing Tibetans Autonomous Prefecture,迪庆藏族自治州,Shangrila,香格里拉市,(0887)8229916,1999,4
Dalian Zhoushuizi International Airport,大连周水子国际机场,38.969369,121.549576,"No. 100, Yingke Road, Ganjingzi District, Dalian City",大连市甘井子区迎客路100号,Liaoning,辽宁省,Dalian,大连市,Ganjingzi,甘井子区,(0411)83886699,1972,10
Dali Airport,大理机场,25.653725,100.329722,"Airport Road, Dali City, Dali Bai Autonomous Prefecture, Yunnan Province",云南省大理白族自治州大理市机场路,Yunnan,云南省,Dali Bai Autonomous Prefecture,大理白族自治州,Dali,大理市,(0872)2428915,1995,11
Dunhuang Airport,敦煌机场,40.169827,94.817106,"Provincial Highway 314, Mogao Town, Dunhuang City, Jiuquan City",酒泉市敦煌市莫高镇314省道,Gansu,甘肃省,Jiuquan,酒泉市,Dunhuang,敦煌市,,1982,7
Dongying Shengli Airport,东营胜利机场,37.512532,118.798699,"Dongba Road, Kenli District, Dongying City",东营市垦利区东八路,Shandong,山东省,Dongying,东营市,Kenli,垦利区,,2001,12
Daqing Saltu Airport,大庆萨尔图机场,46.758422,125.149586,"Daguang Expressway, Saltu District, Daqing City",大庆市萨尔图区大广高速,Heilongjiang,黑龙江省,Daqing,大庆市,Saltu,萨尔图区,"(0459)6628666,(0459)6628999",2009,9
Xiqing General Aviation Airport,西庆通用航空机场,19.556666,109.44698,"Danzhou City, Hainan Province",海南省儋州市,Hainan,海南省,Danzhou,儋州市,,,,,
Dongyang Hengdian General Airport,东阳横店通用机场,29.12924,120.255704,"217 Township Road, Dongyang City, Jinhua City",金华市东阳市217乡道,Zhejiang,浙江省,Jinhua,金华市,Dongyang,东阳市,,,
Delingha Airport,德令哈机场,37.131864,97.276543,200 meters east of the airport road,机场公路东200米,Qinghai,青海省,Haixi Mongolian Tibetans Autonomous Prefecture,海西蒙古族藏族自治州,Delingha,德令哈市,(0977)8200000,2014,6
Enshi Xujiaping Airport,恩施许家坪机场,30.324765,109.496352,"No. 38, Xujiaping Road, Enshi City, Enshi Tujia and Miao Autonomous Prefecture, Hubei Province",湖北省恩施土家族苗族自治州恩施市许家坪路38号,Hubei,湖北省,Enshi Tujia Miao Autonomous Prefecture,恩施土家族苗族自治州,Enshi,恩施市,(0718)8410753,1993,11
Erlianhot Saiwusu Airport,二连浩特赛乌苏机场,43.435337,112.111748,Xilin Gol League Erlianhot City,锡林郭勒盟二连浩特市,Neimenggu,内蒙古自治区,Xilingol Meng,锡林郭勒盟,Erlianhot,二连浩特市,,2009,12
Otok Qianqi General Airport,鄂托克前旗通用机场,38.18134,107.401482,Ordos City Otok front flag,鄂尔多斯市鄂托克前旗,Neimenggu,内蒙古自治区,Ordos,鄂尔多斯市,Otok,鄂托克前旗,,,
Fuzhou Changle International Airport,福州长乐国际机场,25.934598,119.676404,"Pengcheng Road, Changle District, Fuzhou",福州市长乐区鹏程路,Fujian,福建省,Fuzhou,福州市,Changle,长乐区,,1997,6
Fuyang Xiguan Airport,阜阳西关机场,32.884966,115.747322,"Airport Road, Yingzhou District, Fuyang City",阜阳市颍州区机场路,Anhui,安徽省,Fuyang,阜阳市,Yingzhou,颍州区,,1998,12
Foshan Shadi Airport,佛山沙堤机场,23.086694,113.082539,"The intersection of Chanxi Avenue and Airport Road, Shishan Town, Nanhai District, Foshan City",佛山市南海区狮山镇禅西大道与机场路交汇处,Guangdong,广东省,Foshan,佛山市,Nanhai,南海区,,1988,0
Jiamusi Eastern Suburbs Airport,佳木斯东郊机场,46.852877,130.470494,"Chang'an East Road, Jiamusi City, Heilongjiang Province",黑龙江省佳木斯市市辖区长安东路,Heilongjiang,黑龙江省,Jiamusi,佳木斯市,jurisdiction,市辖区,(0454)8330148,1958,0
Fuyun Airport,富蕴机场,46.8088,89.522682,"Fuyun County, Altay Region, Xinjiang Uygur Autonomous Region",新疆维吾尔自治区阿勒泰地区富蕴县,Xinjiang,新疆维吾尔自治区,Altay,阿勒泰地区,Fuyun,富蕴县,,2015,7
Guangzhou Baiyun International Airport,广州白云国际机场,23.395352,113.314282,"No. 888 Airport Avenue East, Huadu District, Guangzhou",广州市花都区机场大道东888号,Guangdong,广东省,Guangzhou,广州市,Huadu,花都区,(020)96158,2004,8
Guanghan Airport,广汉机场,30.952057,104.337837,"Near the west area of the Civil Aviation Flight Academy of China, Section 4 of Nanchang Road",南昌路四段中国民用航空飞行学院西区附近,Sichuan,四川省,Deyang,德阳市,Guanghan,广汉市,,,
Guo Luo Maqin Airport,果洛玛沁机场,34.42447,100.312595,"Maqin County, Guoluo Tibetan Autonomous Prefecture, Qinghai Province",青海省果洛藏族自治州玛沁县,Qinghai,青海省,Guoluo Tibetan Autonomous Prefecture,果洛藏族自治州,Maqin,玛沁县,,2016,7
Golmud Airport,格尔木机场,36.4067,94.794533,"South side of Provincial Highway 303 in Golmud City, Haixi Mongolian-Tibetan Autonomous Prefecture",海西蒙古族藏族自治州格尔木市303省道南侧,Qinghai,青海省,Haixi Mongolian Tibetans Autonomous Prefecture,海西蒙古族藏族自治州,Golmud,格尔木市,,1974,11
Guangyuan Panlong Airport,广元盘龙机场,32.394903,105.706166,"Panlong Town, Lizhou District, Guangyuan City",广元市利州区盘龙镇,Sichuan,四川省,Guangyuan,广元市,Lizhou,利州区,(0839)3470082,2000,9
Guyuan Liupanshan Airport,固原六盘山机场,36.084099,106.22853,"Provincial Highway 101, Yuanzhou District, Guyuan City",固原市原州区101省道,Ningxia,宁夏回族自治区,Guyuan,固原市,Yuanzhou,原州区,(0954)2663114,2010,6
Ganzi Gesar Airport,甘孜格萨尔机场,31.761776,99.560554,G317 north in Derge County,德格县G317北,Sichuan,四川省,Ganzi Tibetans Autonomous Prefecture,甘孜藏族自治州,Derg,德格县,,2019,9
"Lianhuashan Port, Guangzhou",广州市莲花山港,22.974225,113.513901,"No. 1 Gangqian Road, Panyu District, Guangzhou City, Guangdong Province",广东省广州市番禺区港前路1号,Guangdong,广东省,Guangzhou,广州市,Panyu,番禺区,(020)84659906,,
Ganzhou Golden International Airport,赣州黄金国际机场,25.85,114.78,"Emei Village, Fenggang Town, Nankang District, Ganzhou City",赣州市南康区凤岗镇峨眉村,Jiangxi,江西省,Ganzhou,赣州市,Nankang,南康区,,2008,3
Guiyang Longdongbao International Airport,贵阳龙洞堡国际机场,26.549112,106.807162,"Airport Road, Nanming District, Guiyang City",贵阳市南明区机场路,Guizhou,贵州省,Guiyang,贵阳市,Nanming,南明区,,1997,5
Guilin Liangjiang International Airport,桂林两江国际机场,25.223563,110.054552,"Liangjiang Town, Lingui District, Guilin City",桂林市临桂区两江镇,Guangxi,广西壮族自治区,Guilin,桂林市,Lingui,临桂区,(0773)2845359,1996,10
Huangshan Tunxi International Airport,黄山屯溪国际机场,29.736078,118.267392,"No. 8, Longjing Road, Tunxi District, Huangshan City",黄山市屯溪区龙井路8号,Anhui,安徽省,Huangshan,黄山市,Tunxi,屯溪区,(0559)2934999,1959,10
"Deqing Moganshan Airport Management Co., Ltd",德清莫干山机场管理有限公司,30.506002,120.120733,"In the General Aviation Industrial Park (General Aviation Intelligent Manufacturing Town) of Moganshan National High-tech Zone, Deqing County, Huzhou City, Zhejiang Province",浙江省湖州市德清县莫干山国家高新区通用航空产业园(通航智造小镇)内,Zhejiang,浙江省,Huzhou,湖州市,Deqing,德清县,,,
Haikou Meilan International Airport,海口美兰国际机场,19.942054,110.470153,Intersection of Qiongwen Avenue and Provincial Highway 201,琼文大道与201省道交叉口,Hainan,海南省,Haikou,海口市,Meilan,美兰区,(0898)65760114,1999,5
Hechi Jinchengjiang Airport,河池金城江机场,24.804395,107.721293,"Dongliang Village, Jinchengjiang District, Hechi City",河池市金城江区栋良村,Guangxi,广西壮族自治区,Hechi,河池市,Jinchengjiang,金城江区,,2014,8
Handan Airport,邯郸机场,36.531179,114.437921,"No. 1 Airport Road, Handan District, Handan City",邯郸市邯山区机场路1号,Hebei,河北省,Handan,邯郸市,Handan,邯山区,,2007,8
Heihe Yaohui Airport,黑河瑷珲机场,50.182128,127.323574,"Airport Road, Aihui District, Heihe City, Heilongjiang Province",黑龙江省黑河市爱辉区机场路,Heilongjiang,黑龙江省,Heihe,黑河市,Aihui,爱辉区,,1985,11
Lianyungang Baitabu Airport,连云港白塔埠机场,34.576383,118.888042,"No. 1 Airport Road, Baitabu Town, Donghai County, Lianyungang City",连云港市东海县白塔埠镇机场公路1号,Jiangsu,江苏省,Lianyungang,连云港市,Donghai,东海县,(0518)85521666,1985,3
Hefei Xinqiao International Airport,合肥新桥国际机场,31.992553,116.975718,"Gaoliu Town, Shushan District, Hefei City",合肥市蜀山区高刘镇,Anhui,安徽省,Hefei,合肥市,Shushan,蜀山区,(0551)63777888,2013,5
Hangzhou Xiaoshan International Airport,杭州萧山国际机场,30.240638,120.443341,"Airport Avenue, Xiaoshan District, Hangzhou",杭州市萧山区空港大道,Zhejiang,浙江省,Hangzhou,杭州市,Xiaoshan,萧山区,(0571)86662999,2000,12
Huai'an Airport,淮安机场,33.795129,119.137859,"No. 1 Airport Road, Lianshui County, Huai'an City",淮安市涟水县空港路1号,Jiangsu,江苏省,Huai'an,淮安市,Lianshui,涟水县,(0517)81666666,2010,9
Huaihua Zhijiang Airport,怀化芷江机场,27.44615,109.714784,"Yingbin Road, Zhijiang Dong Autonomous County, Huaihua City",怀化市芷江侗族自治县迎宾路,Hunan,湖南省,Huaihua,怀化市,Zhijiang Dong Autonomous Prefecture,芷江侗族自治县,(0745)6838088,2005,12
Hong Kong International Airport,香港国际机场,22.31957,113.955441,"Chek Lap Kok, Lantau Island, Islands District, Hong Kong Special Administrative Region",香港特别行政区离岛区大屿山赤鱲角,HongKong,香港特别行政区,Hongkong,香港特别行政区,Lidao,离岛区,,1998,7
Hulunbuir Dongshan International Airport,呼伦贝尔东山国际机场,49.218399,119.831445,"Airport Street, Hailar District, Hulunbuir City",呼伦贝尔市海拉尔区机场大街,Neimenggu,内蒙古自治区,Hulunbuir,呼伦贝尔市,Hyrule,海拉尔区,,1932,0
Hami Airport,哈密机场,42.848778,93.670763,"National Highway 312, Yizhou District, Hami City",哈密市伊州区312国道,Xinjiang,新疆维吾尔自治区,Hami,哈密市,Illinois,伊州区,(0902)6553000,1932,0
Jiaxing Airport,嘉兴机场,30.710845,120.704126,No. 242; No. 350; No. 651; Tongxiang No. 191/K191 Road; Tongxiang K191 Road,242路;350路;651路;桐乡191路/k191路;桐乡k191路,Zhejiang,浙江省,Jiaxing,嘉兴市,Nanhu,南湖区,,,
Hengyang Nanyue Airport,衡阳南岳机场,26.723881,112.629372,"Zhengxiangnan Road, Hengnan County, Hengyang City, Hunan Province",湖南省衡阳市衡南县蒸湘南路辅路,Hunan,湖南省,Hengyang,衡阳市,Hengnan,衡南县,(0734)8696000,2014,12
Harbin Taiping International Airport,哈尔滨太平国际机场,45.633582,126.259545,Harbin Daoli District Yingbin Road,哈尔滨市道里区迎宾一路,Heilongjiang,黑龙江省,Harbin,哈尔滨市,Daoli,道里区,"(0451)82894230,(0451)82894220",1979,12
Hotan Airport,和田机场,37.044211,79.874446,"No. 925, Yingbin Road, Hotan City, Hotan District",和田地区和田市迎宾路925号,Xinjiang,新疆维吾尔自治区,Hetian,和田地区,Hetian,和田市,(0903)2086114,,
Hualien Airport,花莲机场,24.028108,121.628599,"No. 1, Airport Lane, Xincheng Township, Hualien County, Taiwan Province",台湾省花莲县新城乡机场巷1号,Taiwan,台湾省,Hualian County,花莲县,Xincheng Township,新城乡,886-3-8210768,1962,5
Huizhou Pingtan Airport,惠州平潭机场,23.05278,114.611391,"Pingtan Town, Huiyang District, Huizhou City, Guangdong Province",广东省惠州市惠阳区平潭镇,Guangdong,广东省,Huizhou,惠州市,Huiyang,惠阳区,(0752)5718114,2015,2
Hanzhong City Solid Airport,汉中城固机场,33.130302,107.207303,"250 meters north of Hanzhong Chenggu Airport, Liulin Town, Chenggu County, Hanzhong City, Shaanxi Province",陕西省汉中市城固县柳林镇汉中城固机场北250米,Shaanxi,陕西省,Hanzhong,汉中市,Chenggu,城固县,,2014,8
Raffles City Plaza,来福士广场,30.254767,120.219587,No. 228 Xinye Road,新业路228号,Zhejiang,浙江省,Hangzhou,杭州市,Jianggan,江干区,(0571)81105678,,
Shashi Airport,沙市机场,30.321826,112.285735,"No. 170, Jingsha Avenue, Shacheng District, Jingzhou City",荆州市沙市区荆沙大道170号,Hubei,湖北省,Jingzhou,荆州市,Shashi,沙市区,,,
Jieyang Chaoshan International Airport,揭阳潮汕国际机场,23.552627,116.515619,"Yongguan Expressway, Denggang Town, Rongcheng District, Jieyang City",揭阳市榕城区登岗镇甬莞高速,Guangdong,广东省,Jieyang,揭阳市,Rongcheng,榕城区,(0663)3933333,2011,12
Jinan Yaoqiang International Airport,济南遥墙国际机场,36.857325,117.220528,"Airport Road, Yaoqiang Town, Licheng District, Jinan City",济南市历城区遥墙镇机场路,Shandong,山东省,Jinan,济南市,Licheng,历城区,,1992,7
Jingdezhen Luojia Airport,景德镇罗家机场,29.341811,117.188359,"Airport Road, Fuliang County, Jingdezhen City",景德镇市浮梁县机场路,Jiangxi,江西省,Jingdezhen,景德镇市,Fuliang,浮梁县,(0798)8569656,1996,7
Jagdage Airport,加格达奇机场,50.378552,124.12535,"Airport Road, Jiagdaqi District, Daxing'anling District, Heilongjiang Province",黑龙江省大兴安岭地区加格达奇区机场路,Heilongjiang,黑龙江省,Daxinganling,大兴安岭地区,Gargdage,加格达奇区,,2012,6
Jiayuguan Airport,嘉峪关机场,39.865997,98.347012,"Airport Road, Jiayuguan City",嘉峪关市机场路,Gansu,甘肃省,Jiayuguan,嘉峪关市,,,"(0937)6381202,(0937)6287788",1953,7
Jinggangshan Airport,井冈山机场,26.85937,114.748943,"County Road 804, Luoxi Town, Taihe County, Ji'an City",吉安市泰和县螺溪镇804县道,Jiangxi,江西省,Ji'an,吉安市,Taihe,泰和县,(0796)5268060,2004,5
Jinchang Jinchuan Airport,金昌金川机场,38.548129,102.356998,"Xinhua Avenue, Jinchuan District, Jinchang City",金昌市金川区新华大道,Gansu,甘肃省,Jinchang,金昌市,Jinchuan,金川区,(0935)7125555,2011,8
Jiujiang Lushan Airport,九江庐山机场,29.482334,115.81315,"Airport Road, Mahuiling Town, Chaisang District, Jiujiang City",九江市柴桑区马回岭镇机场路,Jiangxi,江西省,Jiujiang,九江市,Chaisang,柴桑区,(0792)8431811,1996,6
Jingmen Zhanghe Airport,荆门漳河机场,30.987166,112.073648,Hongtu Special Aircraft Manufacturing Company,宏图特种飞行器制造公司内,Hubei,湖北省,Jingmen,荆门市,Dongbao,东宝区,,,
Jiamusi Eastern Suburbs Airport,佳木斯东郊机场,46.852877,130.470494,"Chang'an East Road, Jiamusi City, Heilongjiang Province",黑龙江省佳木斯市市辖区长安东路,Heilongjiang,黑龙江省,Jiamusi,佳木斯市,Shixia,市辖区,(0454)8330148,1958,0
Jining Qufu Airport,济宁曲阜机场,35.29947,116.359705,"Zhifang Town, Jiaxiang County, Jining City",济宁市嘉祥县纸坊镇,Shandong,山东省,Jining,济宁市,Jiaxiang,嘉祥县,(0537)6666666,2008,12
Jinzhou Bay International Airport,锦州湾国际机场,40.938825,121.292676,"No. 1 Airport Road, Linghai City, Jinzhou City",锦州市凌海市机场路1号,Liaoning,辽宁省,Jinzhou,锦州市,Linghai,凌海市,(0416)5188757,1995,4
Jixi Xingkai Lake Airport,鸡西兴凯湖机场,45.302673,131.20458,"Nearly 309 Provincial Highway in Chengjia Village, Hada Town, Jidong County, Jixi City, Heilongjiang Province",黑龙江省鸡西市鸡东县哈达镇程家村近309省道,Heilongjiang,黑龙江省,Jixi,鸡西市,Jidong,鸡东县,(0467)2191114,2009,10
Jiuzhai Huanglong Airport,九寨黄龙机场,32.857176,103.691536,"Chuanzhusi Town, Songpan County, Aba Tibetan and Qiang Autonomous Prefecture",阿坝藏族羌族自治州松潘县川主寺镇,Sichuan,四川省,Aba Tibetans and Qiangs Autonomous Prefecture,阿坝藏族羌族自治州,Songpan,松潘县,,2003,9
Jiande Qiandao Lake General Airport,建德千岛湖通用机场,29.362554,119.191263,"National Highway 320, Shouchang Town, Jiande City, Hangzhou City",杭州市建德市寿昌镇320国道,Zhejiang,浙江省,Hangzhou,杭州市,Jiande,建德市,,,
Kuqa Kucha Airport,库车龟兹机场,41.686288,82.881508,"Yingbin Road, Kuqa County, Aksu Region",阿克苏地区库车县迎宾路,Xinjiang,新疆维吾尔自治区,Aksu,阿克苏地区,Kuche,库车市,(0997)7772999,2011,9
Ganzi Kangding Airport,甘孜康定机场,30.146116,101.747675,Ganzi Tibetan Autonomous Prefecture Kangding City Zheduo Mountain Simucuo,甘孜藏族自治州康定市折多山斯木措,Sichuan,四川省,Ganzi Tibetans Autonomous Prefecture,甘孜藏族自治州,Kangding,康定市,(0836)2830266,2008,10
Kaohsiung International Airport,高雄国际机场,22.578242,120.355264,"812 Zhongshan 4th Road, Xiaogang District, Kaohsiung City, Taiwan Province",812台湾省高雄市小港區中山四路,Taiwan,台湾省,Kaohsiung,高雄市,Xiaogang,小港区,886-7-8057630,1965,7
Kashgar Airport,喀什机场,39.548273,76.033242,"Welcome Avenue in Kashgar City, Kashgar Region",喀什地区喀什市迎宾大道,Xinjiang,新疆维吾尔自治区,Kashgar,喀什地区,Kashi,喀什市,(0998)2926600,1954,3
"Qiandongnan Prefecture Kaili Huangping Airport Co., Ltd",黔东南州凯里黄平机场有限责任公司,26.979052,107.996939,Kelly Huangping Airport in New York Town,新州镇凯里黄平机场,Guizhou,贵州省,Miao and Dong ethnic groups in southeastern Guizhou,黔东南苗族侗族自治州,Huangping,黄平县,,2013,10
Kunming Changshui International Airport,昆明长水国际机场,25.102871,102.935615,"Changshui Village, Guandu District, Kunming City, Yunnan Province",云南省昆明市官渡区长水村,Yunnan,云南省,Kunming,昆明市,Guandu,官渡区,,2012,6
Korla Airport,库尔勒机场,41.625966,86.144576,"Airport Road, Korla City, Bayingoleng Mongolian Autonomous Prefecture",巴音郭楞蒙古自治州库尔勒市机场路,Xinjiang,新疆维吾尔自治区,Bayinguoleng Mongolia Autonomous Prefecture,巴音郭楞蒙古自治州,Korla,库尔勒市,(0996)2364033,1971,10
Karamay Airport,克拉玛依机场,45.473422,84.962771,"No. 55, Baiyun 4th Road, Karamay District, Karamay City",克拉玛依市克拉玛依区白云四路55号,Xinjiang,新疆维吾尔自治区,Karamay,克拉玛依市,Karamay,克拉玛依区,(0990)6931287,2006,4
Liping Airport,黎平机场,26.324465,109.161705,"Airport Road, Gaotun Town, Liping County, Qiandongnan Miao and Dong Autonomous Prefecture",黔东南苗族侗族自治州黎平县高屯镇机场路,Guizhou,贵州省,Miao and Dong ethnic groups in southeastern Guizhou,黔东南苗族侗族自治州,Liping,黎平县,"(0855)6222299,(0855)6328004",2005,11
The city is crowned with Zhishan Airport,连城冠豸山机场,25.678511,116.757832,"No. 288, Lianhang Road, Liancheng County, Longyan City",龙岩市连城县莲航路288号,Fujian,福建省,Longyan,龙岩市,Liancheng,连城县,"(0597)8918820,(0597)8918825",2004,4
Lanzhou Zhongchuan International Airport,兰州中川国际机场,36.519949,103.627343,"Zhongchuan Town, Yongdeng County, Lanzhou City",兰州市永登县中川镇,Gansu,甘肃省,Lanzhou,兰州市,Yongdeng,永登县,,1970,7
Lijiang Sanyi International Airport,丽江三义国际机场,26.677492,100.253107,"Sanyi Village, Qihe Town, Gucheng District, Lijiang City",丽江市古城区七河镇三义村,Yunnan,云南省,Lijiang,丽江市,Gucheng,古城区,"(0888)5173088,(0888)5173081",1995,7
Libo Airport,荔波机场,25.454235,107.973128,"Libo County, Qiannan Buyi and Miao Autonomous Province, Guizhou Province",贵州省黔南布依族苗族自治荔波县,Guizhou,贵州省,Qiannan Buyi,黔南布依族,Libo,荔波县,(0854)3789111,2007,11
Luliang Airport,吕梁机场,37.690443,111.155097,"The north of Dawu Town, Fangshan County, Luliang City, Shanxi Province",山西省吕梁市方山县大武镇北部,Shanxi,山西省,Luliang,吕梁市,Fangshan,方山县,(0358)3711111,2014,1
Lincang Airport,临沧机场,23.741621,100.032306,"Airport Road, Boshang Town, Linxiang District, Lincang City",临沧市临翔区博尚镇机场路,Yunnan,云南省,Lincang,临沧市,Linxiang,临翔区,,2001,3
Moonlight Airport,月照机场,26.611001,104.987637,"The junction of Dam Village, Yuezhao Township, Zhongshan District, Liupanshui City, Guizhou Province, and Dayao Village, Dongdi Township, Shuicheng County",贵州省六盘水市钟山区月照乡大坝村与水城县董地乡大窑村交界处,Guizhou,贵州省,Liupanshui,六盘水市,Zhongshan,钟山区,,2014,11
Lhasa Gongga International Airport,拉萨贡嘎国际机场,29.299495,90.918706,"Yingbin Road, Gongga County, Shannan City",山南市贡嘎县迎宾路,Xizang,西藏自治区,Shannan,山南市,Gongga,贡嘎县,,1966,11
Luoyang Northern Suburbs Airport,洛阳北郊机场,34.745445,112.400418,"Airport Road, Old Town, Luoyang City",洛阳市老城区机场路,Henan,河南省,Luoyang,洛阳市,Laocheng,老城区,(0379)62328666,1987,10
Lianyungang Baitabu Airport,连云港白塔埠机场,34.576383,118.888042,"No. 1 Airport Road, Baitabu Town, Donghai County, Lianyungang City",连云港市东海县白塔埠镇机场公路1号,Jiangsu,江苏省,Lianyungang,连云港市,Donghai,东海县,(0518)85521666,1985,3
Linyi Qiyang International Airport,临沂启阳国际机场,35.054384,118.422814,"No. 1 Airport Road, Hedong District, Linyi City",临沂市河东区机场路1号,Shandong,山东省,Linyi,临沂市,Hedong,河东区,"(0539)9600777,(0539)8082556",1946,1
Liuzhou White Lotus Airport,柳州白莲机场,24.21009,109.404648,"Yingbin Road, Liujiang District, Liuzhou City",柳州市柳江区迎宾路,Guangxi,广西壮族自治区,Liuzhou,柳州市,Liujiang,柳江区,(0772)3201088,1994,12
Yunlong Airport,云龙机场,29.026095,105.472294,No. 94; No. 95; No. 98; No. 101; No. 148 [Airport Line]; No. 926; No. 927; 928 Road; Airport night line; Luxian Road 609,94路;95路;98路;101路;148路[机场线];926路;927路;928路;机场夜班线;泸县609路,Sichuan,四川省,Luzhou,泸州市,Longmatan,龙马潭区,,2018,9
Mudanjiang Wave Airport,牡丹江海浪机场,44.534983,129.582553,"Airport Road, Xi'an District, Mudanjiang City",牡丹江市西安区机场路,Heilongjiang,黑龙江省,Mudanjiang,牡丹江市,Xi'an,西安区,(0453)6651666,1985,9
Meizhou Meixian Airport,梅州梅县机场,24.265613,116.10895,"118 Township Road, Triangle Town, Meijiang District, Meizhou City, Guangdong Province",广东省梅州市梅江区三角镇118乡道,Guangdong,广东省,Meizhou,梅州市,Meijiang,梅江区,(0753)2242666,1987,9
Manzhouli Western Suburbs International Airport,满洲里西郊国际机场,49.576075,117.342273,"Airport Road, Manzhouli City, Hulunbuir City",呼伦贝尔市满洲里市机场路,Neimenggu,内蒙古自治区,Hulunbuir,呼伦贝尔市,Manchuria,满洲里市,(0470)6246114,2005,2
Mohe Gulian Airport,漠河古莲机场,52.924011,122.438628,"Mobei Highway in Mohe City, Daxing'anling Region",大兴安岭地区漠河市漠北公路,Heilongjiang,黑龙江省,Daxinganling,大兴安岭地区,Mohe,漠河市,(0457)2889805,2008,6
Nanchang Changbei International Airport,南昌昌北国际机场,28.865286,115.919301,"Lehua Town, Xinjian District, Nanchang City",南昌市新建区乐化镇,Jiangxi,江西省,Nanchang,南昌市,Xinjian,新建区,(0791)87652369,1999,9
Nangan Air Station,南竿航空站,26.160718,119.966023,Nangan Sea Line; Nangan Sea Line Airport Branch Line; Nangan Mountain Line,南竿海线;南竿海线机场支线;南竿山线,Fujian,福建省,Fuzhou,福州市,Lianjiang,连江县,,2003,1
Nyingchi Milin Airport,林芝米林机场,29.308075,94.342603,Nyingchi District Nyingchi District Milin County Milin County Provincial Highway 306,林芝地区林芝市米林县306省道,Xizang,西藏自治区,Linzhi,林芝市,Millin,米林县,,2006,9
Nanchong Gaoping Airport,南充高坪机场,30.800518,106.174552,"Airport Road, Gaoping District, Nanchong City",南充市高坪区机场路,Sichuan,四川省,Nanchong,南充市,Gaoping,高坪区,(0817)3317365,2004,8
Ningbo Lishe International Airport,宁波栎社国际机场,29.824459,121.473019,"Aviation Road, Yinzhou District, Ningbo City",宁波市鄞州区航空路,Zhejiang,浙江省,Ningbo,宁波市,Yinzhou,鄞州区,(0574)81899000,1990,6
Nanjing Lukou International Airport,南京禄口国际机场,31.73622,118.88205,"South Airport Road, Lukou Town, Jiangning District, Nanjing City",南京市江宁区禄口镇空港南路,Jiangsu,江苏省,Nanjing,南京市,Jiangning,江宁区,,1997,7
Ninglang Lugu Lake Airport,宁蒗泸沽湖机场,27.544337,100.768103,"Shifoshan, Ninglang Yi Autonomous County, Lijiang City, Yunnan Province",云南省丽江市宁蒗彝族自治县石佛山,Yunnan,云南省,Lijiang,丽江市,Ninglang Yi Autonomous Prefecture,宁蒗彝族自治县,,2015,10
Nanning Wuxu International Airport,南宁吴圩国际机场,22.613702,108.190932,"National Highway 322, Wuxu Town, Jiangnan District, Nanning City",南宁市江南区吴圩镇322国道,Guangxi,广西壮族自治区,Nanning,南宁市,Jiangnan,江南区,(0771)2881111,1962,11
Nanyang Jiangying Airport,南阳姜营机场,32.986745,112.628951,"East of Guangwu Bridge, Wancheng District, Nanyang City",南阳市宛城区光武大桥东,Henan,河南省,Nanyang,南阳市,Wancheng,宛城区,"(0377)63801345,(0377)62232053",1992,10
Nantong Xingdong International Airport,南通兴东国际机场,32.079356,120.990355,"No. 1 Airport Avenue, Xingdong Town, Tongzhou District, Nantong City",南通市通州区兴东镇机场大道1号,Jiangsu,江苏省,Nantong,南通市,Tongzhou,通州区,(0513)86560050,1993,8
Ordos Yijinholo International Airport,鄂尔多斯伊金霍洛国际机场,39.502016,109.873094,Ordos City Yijin Hollow Banner A Da Highway,鄂尔多斯市伊金霍洛旗阿大公路,Neimenggu,内蒙古自治区,Ordos,鄂尔多斯市,Ikin Hollow,伊金霍洛旗,(0477)8901111,2007,7
Pu'er Simao Airport,普洱思茅机场,22.796832,100.966827,"Siting Road, Simao District, Pu'er City",普洱市思茅区思亭路,Yunnan,云南省,Pu'er,普洱市,Simao,思茅区,,1961,3
Magong Airport,马公机场,23.567742,119.638924,"88593 No. 126-5, Aimen Village, Huxi Township, Penghu County, Taiwan Province",88593台湾省澎湖县湖西乡隘门村126-5号,Taiwan,台湾省,Penghu,澎湖县,Huxi Township,湖西乡,886-6-9229123,1957,0
Panzhihua Security Camp Airport,攀枝花保安营机场,26.542197,101.806017,"Airport Road, Renhe District, Panzhihua City",攀枝花市仁和区机场路,Sichuan,四川省,Panzhihua,攀枝花市,Renghe,仁和区,(0812)6639125,2003,12
Changdu Bangda Airport,昌都邦达机场,30.554593,97.117894,"Yiqing Township, Basu County, Changdu City",昌都市八宿县益青乡,Xizang,西藏自治区,Chamdo,昌都市,Basu,八宿县,,1994,10
Qingdao Liuting International Airport,青岛流亭国际机场,36.273127,120.392419,"No. 99, Minhang Road, Chengyang District, Qingdao City",青岛市城阳区民航路99号,Shandong,山东省,Qingdao,青岛市,Chengyang,城阳区,,1944,0
Nanchang Changbei International Airport,南昌昌北国际机场,28.865286,115.919301,"Lehua Town, Xinjian District, Nanchang City",南昌市新建区乐化镇,Jiangxi,江西省,Nanchang,南昌市,Xinjian,新建区,(0791)87652369,1999,9
And the end of the airport,且末机场,38.243821,85.47454,"Qimu County, Bag Airik Township, Qigai Kashgar Village",且末县巴格艾日克乡其盖喀什村,Xinjiang,新疆维吾尔自治区,Bayinguoleng Mongolia Autonomous Prefecture,巴音郭楞蒙古自治州,Qiemo,且末县,,1979,6
Qingyang Xibeng Airport,庆阳西峰机场,35.808598,107.610587,"Qinglan Expressway, Pengyuan Township, Xifeng District, Qingyang City",庆阳市西峰区彭原乡青兰高速,Gansu,甘肃省,Qingyang,庆阳市,Xifeng,西峰区,,1977,10
Qianjiang Wulingshan Airport,黔江武陵山机场,29.517508,108.842114,"Airport Road, Qianjiang District, Chongqing",重庆市黔江区机场路,Chongqing,重庆市,Chongqing,重庆市,Qianjiang,黔江区,(023)79850777,2010,5
Quanzhou Jinjiang International Airport,泉州晋江国际机场,24.800826,118.599816,"No. 118, Heping Middle Road, Jinjiang City, Quanzhou City",泉州市晋江市和平中路118号,Fujian,福建省,Quanzhou,泉州市,Jinjiang,晋江市,(0595)85628988,1996,12
Quzhou Civil Aviation Station,衢州民航站,28.968572,118.907914,"Quzhou Civil Aviation Station, Civil Aviation Avenue, Kecheng District, Quzhou City, Zhejiang Province",浙江省衢州市柯城区民航大道衢州民航站,Zhejiang,浙江省,Quzhou,衢州市,Kecheng,柯城区,(0570)8870966,1993,11
Qiqihar Sanjiazi Airport,齐齐哈尔三家子机场,47.248682,123.931204,"Bukuinan Street, Longsha District, Qiqihar City",齐齐哈尔市龙沙区卜奎南大街,Heilongjiang,黑龙江省,Qiqihar,齐齐哈尔市,Longsha,龙沙区,(0452)2393727,1987,12
Shigatse Peace Airport,日喀则和平机场,29.354936,89.321163,"The north side of National Highway 318, Sangzhuzi District, Shigatse City",日喀则市桑珠孜区318国道北侧,Xizang,西藏自治区,Shigatse,日喀则市,Sangzhuzi,桑珠孜区,,2010,10
Shanghai Hongqiao International Airport,上海虹桥国际机场,31.203347,121.346817,"No. 2550 Hongqiao Road, Changning District, Shanghai",上海市长宁区虹桥路2550号,Shanghai,上海市,Shanghai,上海市,Changning,长宁区,,1929,0
Shihezi Garden Airport,石河子花园机场,44.27,85.94,"County Road 891 in Shawan County, Tacheng District",塔城地区沙湾县891县道,Xinjiang,新疆维吾尔自治区,Shihezi,石河子,Tacheng,塔城地区,,2015,12
Shenyang Taoxian International Airport,沈阳桃仙国际机场,41.639078,123.499721,"Airport Road, Taoxian Town, Hunnan District, Shenyang City",沈阳市浑南区桃仙镇机场路,Liaoning,辽宁省,Shenyang,沈阳市,Hunnan,浑南区,,1989,4
Shijiazhuang Zhengding International Airport,石家庄正定国际机场,38.287385,114.703893,"Yingbin Road, Zhengding County, Shijiazhuang City",石家庄市正定县迎宾路,Hebei,河北省,Shijiazhuang,石家庄市,Zhengding,正定县,,1995,2
Shangrao Sanqingshan Airport,上饶三清山机场,28.382737,117.97499,Intersection of Shangrao Avenue and G320,上饶大道与G320交叉口,Jiangxi,江西省,Shangrao,上饶市,Xinzhou,信州区,(0793)8089799,2017,5
Sanya Phoenix International Airport (Sanya Phoenix International Airport),三亚凤凰国际机场(三亚市凤凰国际机场),18.309499,109.421115,"Phoenix Road, Tianya District, Sanya City",三亚市天涯区凤凰路,Hainan,海南省,Sanya,三亚市,Tianya,天涯区,(0898)88289390,1994,7
Shenzhen Bao'an International Airport,深圳宝安国际机场,22.638172,113.821705,"Bao'an Avenue, Bao'an District, Shenzhen",深圳市宝安区宝安大道,Guangdong,广东省,Shenzhen,深圳市,Bao'an,宝安区,(0755)23456789,1991,10
Shennongjia Hongping Airport,神农架红坪机场,31.630287,110.352567,Shennongjia Forest Area in Hubei Province,湖北省神农架林区,Hubei,湖北省,Shennongjia,神农架林区,,,(0719)3312187,2014,5
Jinshan Branch Water Security Police Station,金山分局水上治安派出所,30.898248,121.173266,"No. 520, Linkang Street, Zhujing Town, Jinshan District, Shanghai",上海市金山区朱泾镇临仓街520号,Shanghai,上海市,Shanghai,上海市,Jinshan,金山区,(021)57311110,,
Shanghai Pudong International Airport,上海浦东国际机场,31.157478,121.81509,"No. 6000 Yingbin Avenue, Pudong New Area, Shanghai",上海市浦东新区迎宾大道6000号,Shanghai,上海市,Shanghai,上海市,Pudong New,浦东新区,,1999,9
Tengchong Hump Airport,腾冲驼峰机场,24.941652,98.492839,"Airport Road, Qingshui Township, Tengchong City, Baoshan City",保山市腾冲市清水乡机场路,Yunnan,云南省,Baoshan,保山市,Tengchong,腾冲市,(0875)5198866,2009,2
Tongren Phoenix Airport,铜仁凤凰机场,27.887394,109.320129,"Binjiang Avenue, Daxing Town, Tongren City",铜仁市大兴镇滨江大道,Guizhou,贵州省,Tongren,铜仁市,Song Tao Miao Autonomous Prefecture,松桃苗族自治县,,1972,0
Tongliao Airport,通辽机场,43.565149,122.212549,"Civil Aviation Road, Horqin District, Tongliao City",通辽市科尔沁区民航路,Neimenggu,内蒙古自治区,Tongliao,通辽市,Horqin,科尔沁区,(0475)8501677,1958,0
Tianshui Airport,天水机场,34.564259,105.870449,"Twenty miles of Puhuaniu Village, Maiji District, Tianshui City",天水市麦积区二十里铺花牛村,Gansu,甘肃省,Tianshui,天水市,Maiji,麦积区,(0938)2652000,2008,9
Turpan Jiaohe Airport,吐鲁番交河机场,43.037286,89.109122,"West side of Provincial Highway 202, Gaochang District, Turpan City",吐鲁番市高昌区202省道西侧,Xinjiang,新疆维吾尔自治区,Turpan,吐鲁番市,Gaochang,高昌区,,2010,7
Jilin Civil Aviation Airport Group Tonghua Airport Company,吉林省民航机场集团通化机场公司,42.061091,125.756784,Sanwonpo Korean town,三源浦朝鲜族镇,Jilin,吉林省,Tonghua,通化市,Liuhe,柳河县,,2014,6
Taiwan Taoyuan International Airport,台湾桃园国际机场,25.082739,121.244712,"No. 9, South Terminal Road, Dayuan District, Taoyuan City, Taiwan Province",台湾省桃园市大园区航站南路9号,Taiwan,台湾省,Taoyuan,桃园市,Dayuanxiang,大园乡,886-3-3983728,1979,2
Taipei Songshan Airport (TSA),台北松山机场 (TSA),25.071018,121.562917,"No. 340-9, Dunhua North Road, Songshan District, Taipei City, Taiwan Province, 10548",10548台湾省台北市松山区敦化北路340-9号,Taiwan,台湾省,Taipei,台北市,Songshan,松山区,886-2-87703460,1936,4
Tianjin Binhai International Airport,天津滨海国际机场,39.133514,117.371645,"No. 1 Airport Avenue, Dongli District, Tianjin",天津市东丽区机场大道1号,Tianjin,天津市,Tianjin,天津市,Dongli,东丽区,,1950,8
Taitung Airport,台东机场,22.758264,121.110923,"950 No. 1100, Taitung Civil Aviation Road, Taitung County, Taiwan Province",950台湾省台东县台东民航路1100号,Taiwan,台湾省,Taidong,台东县,Taidong,台东市,886-8-9361111,1981,10
Tangshan Sannuhe Airport,唐山三女河机场,39.725946,118.01368,"Airport Road, Shigezhuang Town, Fengrun District, Tangshan City",唐山市丰润区石各庄镇机场路,Hebei,河北省,Tangshan,唐山市,Fengrun,丰润区,(0315)2521111,2010,7
Yaocheng Airport,尧城机场,37.508526,112.433499,910 Route; 911 route,910路;911路,Shanxi,山西省,Taiyuan,太原市,Qingxu,清徐县,,,
Taiyuan Wusu International Airport,太原武宿国际机场,37.760044,112.640865,"Taiyu Road, Xiaodian District, Taiyuan City",太原市小店区太榆路,Shanxi,山西省,Taiyuan,太原市,Xiaodian,小店区,(0351)7286462,1939,0
Taizhou Luqiao Airport,台州路桥机场,28.56518,121.437627,"No. 1, East Yingbin Avenue, Luqiao District, Taizhou City, Zhejiang Province",浙江省台州市路桥区东迎宾大道1号,Zhejiang,浙江省,Taizhou,台州市,Luqiao,路桥区,(0576)82512922,1987,0
Taichung Qingquangang Airport,台中清泉岗机场,24.267128,120.63404,"433 No. 168, Section 1, Zhonghang Road, Shalu District, Taichung City, Taiwan Province",433台湾省台中市沙鹿区中航路ㄧ段168号,Taiwan,台湾省,Taichung,台中市,Qingshui,清水区,886-4-26155000,2004,3
Urumqi Diwopu International Airport,乌鲁木齐地窝堡国际机场,43.912386,87.487028,"Yingbin Road, New Urban Area, Urumqi City, Xinjiang Uygur Autonomous Region",新疆维吾尔自治区乌鲁木齐市新市区迎宾路,Xinjiang,新疆维吾尔自治区,Urumqi,乌鲁木齐市,Xinshi,新市区,,1939,0
Ulanhot Airport,乌兰浩特机场,46.204034,122.015998,"Airport Road, Yilerite Town, Xing'an League, Inner Mongolia Autonomous Region",内蒙古自治区兴安盟义勒力特镇机场路,Neimenggu,内蒙古自治区,Xing'an Meng,兴安盟,Ulanhot,乌兰浩特市,"(0482)8682000,(0482)3982000",1995,4
Weifang Airport,潍坊机场,36.652396,119.129077,"No. 1 Airport Road, Kuiwen District, Weifang City",潍坊市奎文区机场路1号,Shandong,山东省,Weifang,潍坊市,Kuiwen,奎文区,(0536)8520568,1996,4
Weihai Dashuibo International Airport,威海大水泊国际机场,37.191291,122.241853,"County Road 01, Dashuibo Town, Wendeng District, Weihai City",威海市文登区大水泊镇01县道,Shandong,山东省,Weihai,威海市,Wendeng,文登区,,1988,7
Wenshan Puzhehei Airport,文山普者黑机场,23.562515,104.334934,"Civil Aviation Road, Yanshan County, Wenshan City, Yunnan Province",云南省文山市砚山县民航路,Yunnan,云南省,Wenshan Zhuang and Miao Autonomous Prefecture,文山壮族苗族自治州,Wenshan,文山市,(0876)3896069,2006,8
Wenzhou Longwan International Airport,温州龙湾国际机场,27.913373,120.859934,"No. 1 Airport Avenue, Longwan District, Wenzhou City",温州市龙湾区机场大道1号,Zhejiang,浙江省,Wenzhou,温州市,Long Bay,龙湾区,,1990,7
Chongqing Wushan Airport,重庆巫山机场,31.070475,109.716095,"Jinpen Temple, Quchi Township, Wushan County, Chongqing City",重庆市巫山县曲尺乡金盆寺,Chongqing,重庆市,Chongqing,重庆市,Wushan,巫山县,,2019,8
Wuhai Airport,乌海机场,39.800408,106.811088,"Airport Road, Haibo Bay District, Wuhai City",乌海市海勃湾区机场路,Neimenggu,内蒙古自治区,Wuhai,乌海市,Haibowan,海勃湾区,"(0473)2996823,(0473)2996888",2003,12
Wuhan Tianhe International Airport,武汉天河国际机场,30.776258,114.217379,"Airport Avenue, Huangpi District, Wuhan City",武汉市黄陂区机场大道,Hubei,湖北省,Wuhan,武汉市,Huangpi,黄陂区,,1995,4
Wuyishan Airport,武夷山机场,27.703653,118.01114,"Wuyi Avenue, Wuyishan City, Nanping City",南平市武夷山市武夷大道,Fujian,福建省,Nanping,南平市,Wuyishan,武夷山市,(0599)5118063,1994,1
Sunan Shuofang International Airport,苏南硕放国际机场,31.508856,120.440156,"No. 1 Airport Road, Xinwu District, Wuxi City",无锡市新吴区机场路1号,Jiangsu,江苏省,Wuxi,无锡市,Xinwu,新吴区,(0510)96889788,2004,2
Xijiang Airport,西江机场,23.403842,111.11466,Xijiang Airport Express Line,西江机场快捷专线,Guangxi,广西壮族自治区,Wuzhou,梧州市,,,,2019,1
Wanzhou Wuqiao Airport,万州五桥机场,30.806096,108.442317,"Airport Road, Wanzhou District, Chongqing",重庆市万州区机场路,Chongqing,重庆市,Chongqing,重庆市,Wanzhou,万州区,(023)58538035,2003,5
"Hubei Zhongnan General Aviation Airport Management Co., Ltd",湖北中南通航机场管理有限公司,30.46582,114.255146,"20th floor, Building 23A, Yinhu SME City, Qingling Township, Hongshan District, Wuhan City, Hubei Province",湖北省武汉市洪山区青菱乡银湖中小企业城23A栋20层,Hubei,湖北省,Wuhan,武汉市,Hongshan,洪山区,(027)88321618,,
Fuyang Xiguan Airport,阜阳西关机场,32.884966,115.747322,"Airport Road, Yingzhou District, Fuyang City",阜阳市颍州区机场路,Anhui,安徽省,Fuyang,阜阳市,Yingzhou,颍州区,,1998,12
Wutaishan Airport,五台山机场,38.603102,112.995926,Wutai Mountain Airport Bus Wutai Mountain Scenic Area Line,五台山机场巴士五台山景区线,Shanxi,山西省,Xinzhou,忻州市,Dingxiang,定襄县,,2015,12
Xiangyang Liuji Airport,襄阳刘集机场,32.155395,112.30274,"The intersection of Airport Road and 048 Township Road in Liuji Town, Xiangzhou District, Xiangyang City",襄阳市襄州区刘集镇机场路与048乡道交叉口,Hubei,湖北省,Xiangyang,襄阳市,Xiangzhou,襄州区,,1989,12
Xichang Qingshan Airport,西昌青山机场,27.989103,102.193525,"Airport Road, Anning Town, Xichang City, Liangshan Yi Autonomous Prefecture",凉山彝族自治州西昌市安宁镇机场路,Sichuan,四川省,Liangshan Yi Autonomous Prefecture,凉山彝族自治州,Xichang,西昌市,(0834)2586653,1975,5
Xilinhot Airport,锡林浩特机场,43.920368,115.972721,"Airport Road in Xilinhot City, Xilin Gol League",锡林郭勒盟锡林浩特市机场路,Neimenggu,内蒙古自治区,Xilingol Meng,锡林郭勒盟,Xilinhot,锡林浩特市,(0479)8200935,1958,10
Xi'an Xianyang International Airport,西安咸阳国际机场,34.442079,108.768576,"Dizhang Town, Weicheng District, Xianyang City, Shaanxi Province",陕西省咸阳市渭城区底张镇,Shaanxi,陕西省,Xianyang,咸阳市,Weicheng,渭城区,,1991,9
Xiamen Gaoqi International Airport,厦门高崎国际机场,24.545038,118.143639,"Xiangyun 1st Road, Huli District, Xiamen City",厦门市湖里区翔云一路,Fujian,福建省,Xiamen,厦门市,Lake,湖里区,(0592)5706078,1983,10
Xining Caojiabao International Airport,西宁曹家堡国际机场,36.53521,102.046712,"G0612, Mutual Aid Tu Autonomous County, Haidong City, Qinghai Province",青海省海东市互助土族自治县G0612,Qinghai,青海省,Haidong,海东市,Mutual assistance to the Turks,互助土族自治县,,1991,12
Dalian Zhoushuizi International Airport,大连周水子国际机场,38.969369,121.549576,"No. 100, Yingke Road, Ganjingzi District, Dalian City",大连市甘井子区迎客路100号,Liaoning,辽宁省,Dalian,大连市,Sweet well,甘井子区,(0411)83886699,1972,10
Xuzhou Guanyin International Airport,徐州观音国际机场,34.06106,117.568685,"National Highway 104, Shuanggou Town, Suining County, Xuzhou City",徐州市睢宁县双沟镇104国道,Jiangsu,江苏省,Xuzhou,徐州市,Suining,睢宁县,(0516)83068113,1997,11
Gannan Xiahe Airport,甘南夏河机场,34.82892,102.628659,"Near Kusai Pond, Xiahe County, Gannan Prefecture",甘南州夏河县库赛塘附近,Gansu,甘肃省,Gannan,甘南州,Xiahe,夏河县,,2013,8
Xishuangbanna Gasa International Airport,西双版纳嘎洒国际机场,21.977896,100.770921,"Airport Highway in Jinghong City, Xishuangbanna Dai Autonomous Prefecture",西双版纳傣族自治州景洪市机场公路,Yunnan,云南省,Xishuangbanna Dai Autonomous Prefecture,西双版纳傣族自治州,Jinghong,景洪市,(0691)2159130,1990,4
New source Nalati Airport,新源那拉提机场,43.439229,83.387829,"County Road 745, Xinyuan County, Ili Kazakh Autonomous Prefecture",伊犁哈萨克自治州新源县745县道,Xinjiang,新疆维吾尔自治区,Ili Kazakhstan Autonomous Prefecture,伊犁哈萨克自治州,Xinyuan,新源县,,2006,7
Xingyi Airport,兴义机场,25.088247,104.968744,Civil Aviation Avenue,民航大道,Guizhou,贵州省,Qianxinan Buyei and Miao Autonomous Prefecture,黔西南布依族苗族自治州,Xingyi,兴义市,,2004,7
Yulin Yuyang Airport,榆林榆阳机场,38.363488,109.606145,"Airport Road, Yuyang District, Yulin City",榆林市榆阳区机场路,Shaanxi,陕西省,Yulin,榆林市,Yuyang,榆阳区,(0912)3861864,2008,4
Nanniwan Airport,南泥湾机场,36.485398,109.47758,"Shangjiagou Nanniwan Airport, Baota District, Yan'an City, Shaanxi Province",陕西省延安市宝塔区尚家沟南泥湾机场,Shaanxi,陕西省,Yan'an,延安市,Baota,宝塔区,,2018,11
Yibin Wuliangye Airport,宜宾五粮液机场,28.85178,104.53869,Airport special line K03 Road,机场专线k03路,Sichuan,四川省,Yibin,宜宾市,Cuiping,翠屏区,,2019,12
"Ningxia Yiyang General Aviation Co., Ltd",宁夏翼扬通用航空有限公司,37.861156,107.430695,Provincial Highway 304 Yanchi General Airport,304省道盐池通用机场,Ningxia,宁夏回族自治区,Wuzhong,吴忠市,Yanchi,盐池县,,,
Yuncheng Guangong Airport,运城关公机场,35.118879,111.048473,"No. 1, Guangong West Street, Zhangxiao Village, Taocun Town, Salt Lake District, Yuncheng City",运城市盐湖区陶村镇张孝村关公西街1号,Shanxi,山西省,Yuncheng,运城市,Yanhu,盐湖区,(0359)2598158,2005,2
Mingyueshan Airport,明月山机场,27.803041,114.322382,No. 19; No. 19/K19; Airport line,19路;19路/k19路;机场专线,Jiangxi,江西省,Yichun,宜春市,Yuanzhou,袁州区,,2013,6
Yichang Three Gorges Airport,宜昌三峡机场,30.559083,111.492196,"Airport Road, Xiaoting District, Yichang City",宜昌市猇亭区机场路,Hubei,湖北省,Yichang,宜昌市,Xiaoting,猇亭区,(0717)6532114,1996,12
Yining Airport,伊宁机场,43.963204,81.338952,"No. 273 Airport Road, Yining City, Ili Kazakh Autonomous Prefecture, Xinjiang Uygur Autonomous Region",新疆维吾尔自治区伊犁哈萨克自治州伊宁市飞机场路273号,Xinjiang,新疆维吾尔自治区,Ili Kazakhstan,伊犁哈萨克自治州,Yining,伊宁市,(0999)8222262,1936,0
Yiwu Airport,义乌机场,29.347964,120.042377,"No. 201, Yiwu Civil Aviation Road, Jinhua City",金华市义乌市民航路201号,Zhejiang,浙江省,Jinhua,金华市,Yiwu,义乌市,(0579)85669090,1991,4
Yanji Chaoyangchuan International Airport,延吉朝阳川国际机场,42.88967,129.46267,"No. 6666, Changbaixi Road, Yanji, Yanbian Korean Autonomous Prefecture, Jilin Province",吉林省延边朝鲜族自治州延吉市长白西路6666号,Jilin,吉林省,Yanbian Korean Autonomous Prefecture,延边朝鲜族自治州,Yanji,延吉市,,1985,8
Yantai Penglai International Airport,烟台蓬莱国际机场,37.66451,120.998216,"The intersection of Airport 2nd Road and Yingbin 8th Road, Chaoshui Town, Penglai City, Yantai City, Shandong Province",山东省烟台市蓬莱市潮水镇空港二路与迎宾八路交叉口,Shandong,山东省,Yantai,烟台市,Penglai,蓬莱市,(0535)6299999,2015,5
Yancheng Nanyang International Airport,盐城南洋国际机场,33.431524,120.214347,"Airport Road, Tinghu District, Yancheng City",盐城市亭湖区机场路,Jiangsu,江苏省,Yancheng,盐城市,Tinghu,亭湖区,(0515)88215020,2000,3
Yangzhou Taizhou International Airport,扬州泰州国际机场,32.567404,119.727842,"Airport Road, Dinggou Town, Jiangdu District, Yangzhou City",扬州市江都区丁沟镇机场路,Jiangsu,江苏省,Yangzhou,扬州市,Jiangdu,江都区,(0514)89999999,2012,5
Yushu Batang Airport,玉树巴塘机场,32.841454,97.042906,"National Highway 214, Batang Township, Yushu City, Yushu Tibetan Autonomous Prefecture",玉树藏族自治州玉树市巴塘乡214国道,Qinghai,青海省,Yushu Tibetans Autonomous Prefecture,玉树藏族自治州,Yushu,玉树市,(0976)8813743,2009,8
Yinchuan Hedong International Airport,银川河东国际机场,38.328317,106.400362,"Linhe Town, Lingwu City, Yinchuan City",银川市灵武市临河镇,Ningxia,宁夏回族自治区,Yinchuan,银川市,Lingwu,灵武市,,1997,9
Yichun Lindu Airport,伊春林都机场,47.757068,129.029567,Airport bus,机场巴士,Heilongjiang,黑龙江省,Yichun,伊春市,Mahe,马河区,,2009,8
Yongzhou Lingling Airport,永州零陵机场,26.340994,111.622869,"S217, Lanjiaoshan Town, Lengshuitan District, Yongzhou City, Hunan Province",湖南省永州市冷水滩区岚角山镇S217,Hunan,湖南省,Yongzhou,永州市,Lengshuitan,冷水滩区,(0746)8726069,2001,4
Nanniwan Airport,南泥湾机场,36.485398,109.47758,"Shangjiagou Nanniwan Airport, Baota District, Yan'an City, Shaanxi Province",陕西省延安市宝塔区尚家沟南泥湾机场,Shaanxi,陕西省,Yan'an,延安市,Baota,宝塔区,,2018,11
Zhengzhou Xinzheng International Airport,郑州新郑国际机场,34.532154,113.861221,Yingbin Avenue in Zhengzhou Airport Area,郑州市航空港区迎宾大道,Henan,河南省,Zhengzhou,郑州市,Xinzheng,新郑市,,1997,8
Zhangjiagang City Terminal of Jiangsu Shuofang International Airport,苏南硕放国际机场张家港城市候机楼,31.853107,120.570498,"Zhangjiagang Bus Terminal at the intersection of Huachang South Road and Dongyuan Road, Zhangjiagang City, Suzhou City, Jiangsu Province",江苏省苏州市张家港市华昌南路与东苑路交叉口张家港汽车客运站,Jiangsu,江苏省,Suzhou,苏州市,Zhangjiagang,张家港市,(0512)56901590,,
Zhangjiajie Lotus International Airport,张家界荷花国际机场,29.107223,110.454598,"Airport Road, Yongding District, Zhangjiajie City",张家界市永定区机场路,Hunan,湖南省,Zhangjiajie,张家界市,Yongding,永定区,(0744)8238417,1994,8
Upper Street Airport,上街机场,34.846084,113.286131,"Lantian Road, Shangjie, Zhengzhou City, Henan Province",河南省郑州市上街区蓝天路,Henan,河南省,Zhengzhou,郑州市,Shangjie,上街区,,,
Zhoushan Putuoshan Airport,舟山普陀山机场,29.938274,122.372317,"Zhujiajian Town, Putuo District, Zhoushan City",舟山市普陀区朱家尖镇,Zhejiang,浙江省,Zhoushan,舟山市,Putuo,普陀区,(0580)6260716,1997,8
Zhangye Ganzhou Airport,张掖甘州机场,38.811173,100.678418,"Airport Road, Ganzhou District, Zhangye City",张掖市甘州区机场路,Gansu,甘肃省,Zhangye,张掖市,Ganzhou,甘州区,(0936)8859066,2011,11
Zhaotong Airport,昭通机场,27.329438,103.764328,"Airport Road, Zhaoyang District, Zhaotong City",昭通市昭阳区机场路,Yunnan,云南省,Zhaotong,昭通市,Zhaoyang,昭阳区,(0870)2830039,1993,11
"China Power Construction (Zhuhai) General Airport Construction Co., Ltd",中电建(珠海)通用机场建设有限公司,22.337592,113.209778,"Lianzhou Town, Taylor Road, next to the Shenghua Shoe Factory",莲洲镇泰莱路晟骅鞋厂旁,Guangdong,广东省,Zhuhai,珠海市,Doumen,斗门区,,,
Zhanjiang Airport,湛江机场,21.218306,110.370101,"No. 24, Airport Road, Xiashan District, Zhanjiang City",湛江市霞山区机场路24号,Guangdong,广东省,Zhanjiang,湛江市,Xiashan,霞山区,(0759)3255002,1952,10
Zhongwei Shapotou Airport,中卫沙坡头机场,37.578942,105.165064,"Airport Avenue, Shapotou District, Zhongwei City",中卫市沙坡头区机场大道,Ningxia,宁夏回族自治区,Zhongwei,中卫市,Shapotou,沙坡头区,(0955)7073200,2008,12
Gongbei Bus Passenger Station,拱北汽车客运站,22.2246,113.562858,"No. 1 Lianhua Road, Xiangzhou District, Zhuhai City, Guangdong Province",广东省珠海市香洲区莲花路1号,Guangdong,广东省,Zhuhai,珠海市,Xiangzhou,香洲区,(0756)8885218,,
Zhangjiakou Airport,张家口机场,40.747613,114.959309,"No. 6 Airport Road, Qiaodong District, Zhangjiakou City, Hebei Province",河北省张家口市桥东区机场路6号,Hebei,河北省,Zhangjiakou,张家口市,Qiaodong,桥东区,,2013,6
Zhuhai Jinwan Airport,珠海金湾机场,22.014133,113.387209,"Jinhai East Road, Jinwan District, Zhuhai City",珠海市金湾区金海东路,Guangdong,广东省,Zhuhai,珠海市,Jinwan,金湾区,(0756)7771111,1995,6
Zunyi Xinzhou Airport,遵义新舟机场,27.81298,107.257137,"Yingbin Avenue, Xinzhou Town, Honghuagang District, Zunyi City",遵义市红花岗区新舟镇迎宾大道,Guizhou,贵州省,Zunyi,遵义市,Honghuagang,红花岗区,(0851)28677776,2012,8
Zalan is stationed at Genghis Khan Airport,扎兰屯成吉思汗机场,47.87931,122.779723,"East Desheng Village, Genghis Khan Town, Zhalantun City",扎兰屯市成吉思汗镇东德胜村,Neimenggu,内蒙古自治区,Zalantun,扎兰屯市,,,2016,12,